{"initial_reset_timestamp": 1576209180.9300683, "timestamps": [1576209197.190047], "episode_lengths": [3756], "episode_rewards": [-7.0], "episode_types": ["t"]}